Sample ID	% Homozigosity
sample1	100.00001435177963
sample2	100.00001435177963
sample3	100.00001435177963
